timestamp,open,high,low,close,volume,quote_volume,taker_buy_quote_volume,num_trades
2026-02-02 02:00:00,77482.1,77529.3,76403.5,76447.2,8411.995,647220418.4627,304332204.3703,429196
2026-02-02 03:00:00,76447.1,76538.7,74555.0,76256.2,39578.562,2982747292.2823,1401568128.0646,1239075
2026-02-02 04:00:00,76256.2,76579.4,75286.2,75856.3,13515.066,1027261756.9073,526210998.934,560793
2026-02-02 05:00:00,75856.3,75958.9,74853.0,75449.6,13453.056,1012794679.1054,461988995.1786,605713
2026-02-02 06:00:00,75449.6,76800.0,74900.1,76511.3,19593.76,1486664839.421,772517310.2292,724937
2026-02-02 07:00:00,76511.3,76930.0,76282.2,76612.6,9587.379,734148824.4907,386167400.0456,463748
2026-02-02 08:00:00,76612.6,77157.8,76576.7,76831.2,7340.414,564219807.1413,292671161.3615,362869
2026-02-02 09:00:00,76831.2,77776.7,76610.9,77666.0,11770.136,910114441.369,513442860.8415,398700
2026-02-02 10:00:00,77666.0,77815.8,77420.7,77463.3,6048.22,469422296.9124,253367114.1194,205577
2026-02-02 11:00:00,77463.3,77937.7,77398.2,77716.1,5754.225,447226807.156,226124352.2613,196006
2026-02-02 12:00:00,77716.0,78400.0,77665.0,77947.5,8673.63,676535429.0333,360965082.6332,277414
2026-02-02 13:00:00,77947.5,78452.5,77756.5,78172.1,7190.53,560713517.8978,301351706.9489,253647
2026-02-02 14:00:00,78172.2,78835.5,77570.0,77797.6,21814.005,1707067673.8869,822662606.2164,736136
2026-02-02 15:00:00,77797.8,79311.0,77515.6,78800.6,21275.715,1671657119.4166,864353123.8788,879868
2026-02-02 16:00:00,78800.5,79248.0,78525.7,78588.8,10325.914,814775653.5036,402971497.1349,479287
2026-02-02 17:00:00,78588.8,79166.2,78553.1,78936.8,6248.465,493117876.3682,249334139.6191,319868
2026-02-02 18:00:00,78936.7,78936.7,78318.5,78523.9,6268.72,492682757.3744,230601268.7044,256842
2026-02-02 19:00:00,78523.9,78652.3,78234.9,78299.2,4352.336,341293929.7611,173560210.155,212635
2026-02-02 20:00:00,78299.1,78634.0,77843.2,77976.7,7009.608,548137521.0643,273339436.8587,282208
2026-02-02 21:00:00,77976.9,78520.0,77880.0,78489.0,3649.632,285577737.15,158514441.4382,157215
2026-02-02 22:00:00,78489.0,78818.2,78488.9,78758.2,2505.842,197162149.3432,119377081.0217,92160
2026-02-02 23:00:00,78758.3,78935.9,78520.4,78692.5,3237.243,254893480.2955,127681465.8906,131655
2026-02-03 00:00:00,78692.5,79070.4,78366.6,79031.1,4664.695,367285334.2755,170464349.047,178703
2026-02-03 01:00:00,79031.1,79163.0,78677.0,78980.0,3594.649,283575136.0933,135768072.0519,177396
2026-02-03 02:00:00,78980.0,78980.1,77750.2,77774.8,7063.983,552922793.5507,236074780.625,232764
2026-02-03 03:00:00,77774.8,78874.9,77566.5,78710.7,9532.793,745305014.0568,394770800.5796,287896
2026-02-03 04:00:00,78710.7,78967.9,78431.5,78767.4,5652.949,444943041.9682,213392926.1361,157609
2026-02-03 05:00:00,78767.5,78775.7,78183.8,78202.9,3605.733,282771591.2851,124414834.9625,134149
2026-02-03 06:00:00,78202.8,78635.0,77900.1,78557.3,6181.705,483833559.2539,238789523.6059,183157
2026-02-03 07:00:00,78557.4,78898.9,78448.1,78749.9,4420.11,347996703.7234,185962423.9084,167603
2026-02-03 08:00:00,78750.0,79049.0,78426.0,78708.7,4993.386,393417506.0301,206726095.6236,177380
2026-02-03 09:00:00,78708.7,78803.6,77900.0,78351.5,10554.022,825627135.2074,391355266.771,260368
2026-02-03 10:00:00,78351.4,78520.0,78012.3,78077.2,3743.385,292943939.0371,137424732.7325,141721
2026-02-03 11:00:00,78077.3,78315.9,77960.0,78040.1,3912.604,305732997.0072,157479533.7877,141942
2026-02-03 12:00:00,78040.1,78377.8,77950.0,78289.8,4021.096,314465458.0197,170899447.0597,143446
2026-02-03 13:00:00,78289.8,78425.8,78150.0,78260.4,4227.172,331009669.1696,159921649.6414,139504
2026-02-03 14:00:00,78260.4,78397.5,77131.2,77164.5,18781.526,1461365809.6307,662673777.0494,566722
2026-02-03 15:00:00,77164.5,78184.0,77000.5,78094.1,24417.328,1894714235.7811,956318958.9538,773075
2026-02-03 16:00:00,78094.2,78101.5,76448.0,76458.2,24540.659,1887686454.2999,920038672.6047,659752
2026-02-03 17:00:00,76458.2,76500.0,74844.7,74882.4,28936.029,2189505249.1734,999385594.7818,769798
2026-02-03 18:00:00,74882.4,75267.8,73100.0,73111.7,44143.435,3274911371.8014,1386086903.6184,1087469
2026-02-03 19:00:00,73111.7,75221.4,72889.2,74893.8,40615.508,3019804513.3511,1683267012.4694,1005165
2026-02-03 20:00:00,74893.9,76690.0,74541.0,76431.9,24533.336,1861545410.0919,998664323.3903,704505
2026-02-03 21:00:00,76431.9,76920.7,76069.0,76199.9,9470.027,724684007.0655,364849279.191,339852
2026-02-03 22:00:00,76200.0,76269.6,75377.3,75672.5,9419.354,714080923.4901,342991317.6774,235235
2026-02-03 23:00:00,75672.5,75969.3,75393.4,75732.4,6700.032,507144308.6112,267020389.731,239060
2026-02-04 00:00:00,75732.4,76229.1,75420.0,75871.0,6394.408,485135603.4146,239042974.7242,218290
2026-02-04 01:00:00,75871.0,76786.1,75871.0,76392.0,7247.042,554101388.199,270866846.3433,250049
2026-02-04 02:00:00,76392.1,76571.9,75670.0,75926.8,5834.487,444025011.2397,194645026.4363,213388
2026-02-04 03:00:00,75926.9,76952.5,75870.5,76661.1,5754.356,440467211.0138,229303781.736,207418
2026-02-04 04:00:00,76661.1,76809.4,76385.1,76448.0,2713.172,207808687.9115,95544546.522,112528
2026-02-04 05:00:00,76448.0,76497.2,76072.0,76255.0,3255.829,248464354.8711,115502538.4851,114897
2026-02-04 06:00:00,76255.0,76761.0,76218.5,76616.9,3682.973,281874132.319,142190269.5075,120385
2026-02-04 07:00:00,76616.8,76626.4,76304.0,76478.9,3514.953,268772856.3957,147766506.0732,126907
2026-02-04 08:00:00,76478.9,76557.8,76027.0,76541.3,5698.674,434800547.8756,221470487.0275,177140
2026-02-04 09:00:00,76541.2,76568.0,75925.5,76081.9,5305.818,404053542.8259,185051995.5451,170496
2026-02-04 10:00:00,76082.0,76308.9,76025.6,76266.8,3386.506,257938598.0546,128039968.2401,128288
2026-02-04 11:00:00,76266.7,76266.8,75629.9,75987.6,9441.372,716953661.4266,314630435.6175,249654
2026-02-04 12:00:00,75987.6,76245.5,75968.5,76160.0,5058.132,384970997.2245,195917629.4163,157319
2026-02-04 13:00:00,76160.0,76163.6,74829.6,74838.4,12929.177,975441356.4568,430578910.0645,337684
2026-02-04 14:00:00,74838.3,75764.4,74201.5,74328.9,25722.339,1930707968.035,961544460.164,812149
2026-02-04 15:00:00,74329.0,75299.0,73756.0,74107.0,34340.197,2555504977.7058,1266322165.5969,1120650
2026-02-04 16:00:00,74107.0,74211.8,73038.0,73609.1,30314.166,2231398095.5242,1056225403.4585,741136
2026-02-04 17:00:00,73609.1,73825.7,72101.0,72544.2,35666.746,2596617914.5285,1233218904.2424,1001588
2026-02-04 18:00:00,72544.3,74097.6,72227.8,73398.4,30771.346,2252424044.1435,1297000256.9506,896659
2026-02-04 19:00:00,73398.4,73987.4,73004.0,73895.3,13987.103,1028203579.694,526185139.2988,534186
2026-02-04 20:00:00,73895.2,74141.1,73390.1,73488.9,7235.643,533465070.4397,277429470.7019,291407
2026-02-04 21:00:00,73488.9,73632.0,72150.0,72772.8,10132.452,738361052.8162,327941607.161,327182
2026-02-04 22:00:00,72772.9,73675.3,71838.0,72511.1,15964.689,1159569075.0405,517054192.4229,467350
2026-02-04 23:00:00,72511.0,73500.0,72431.3,73137.4,8773.059,641064320.7961,365453546.4935,369508
2026-02-05 00:00:00,73137.5,73300.0,72724.0,72838.9,6424.887,469009882.4658,245138861.2999,252253
2026-02-05 01:00:00,72838.9,73316.3,71950.0,72389.2,14434.871,1048073370.2806,497232647.5373,592739
2026-02-05 02:00:00,72389.1,72832.5,71263.1,71429.1,24176.335,1741249407.1385,716727627.8616,766383
2026-02-05 03:00:00,71429.1,71850.0,71111.0,71198.9,16641.703,1189407787.1759,592774727.4404,603781
2026-02-05 04:00:00,71199.0,71420.3,70676.3,70873.2,23330.56,1657378879.0603,796026884.9723,657331
2026-02-05 05:00:00,70863.9,71122.0,70085.3,70694.9,21443.23,1513549347.7604,598282069.3856,626477
2026-02-05 06:00:00,70694.8,70955.0,70367.1,70911.4,11973.932,846235509.5739,416941946.9653,430295
2026-02-05 07:00:00,70911.5,71600.0,70587.5,70716.1,13881.524,988083921.7632,518117575.6566,449381
2026-02-05 08:00:00,70716.1,71511.0,70639.7,71020.9,9452.816,672303159.9652,326898462.988,376940
2026-02-05 09:00:00,71020.9,71944.4,71006.5,71531.7,11658.845,834805899.5056,423702556.445,393031
2026-02-05 10:00:00,71531.6,71693.3,70609.4,70820.3,9242.383,657477822.101,297020874.8696,298548
2026-02-05 11:00:00,70820.3,71020.0,69862.0,70279.0,24802.093,1744223523.0088,778849297.8694,700713
2026-02-05 12:00:00,70279.1,70566.6,69112.1,69532.9,35071.848,2439437821.4671,1170637411.268,942225
2026-02-05 13:00:00,69532.9,69798.6,69223.0,69656.3,12997.128,903258204.9069,462763984.9786,510720
2026-02-05 14:00:00,69656.3,70848.6,69247.3,69365.5,30259.452,2120560044.4682,1121654246.5039,1077971
2026-02-05 15:00:00,69365.4,69569.6,66666.0,67451.9,90464.247,6130341249.267,2913246059.7091,2032761
2026-02-05 16:00:00,67452.0,68667.4,66904.2,68262.7,36078.283,2446333931.9678,1270061775.3298,1039484
2026-02-05 17:00:00,68262.7,68348.6,66125.0,66153.9,42861.988,2873001931.4753,1326195205.8631,1099054
2026-02-05 18:00:00,66153.8,66519.2,65359.1,66312.1,37138.161,2447637642.5326,1144309837.9129,1119764
2026-02-05 19:00:00,66312.1,66615.3,65160.0,65237.4,22706.81,1496026635.5856,732678885.2675,854570
2026-02-05 20:00:00,65237.5,65678.1,62233.3,63750.9,77533.689,4947369613.8,2239436359.3015,1772175
2026-02-05 21:00:00,63750.9,64759.2,62853.9,63188.8,45680.642,2913764025.9759,1601726320.9641,1270068
2026-02-05 22:00:00,63188.8,64591.1,62644.3,63878.7,25968.909,1651949325.2753,853190866.2905,838465
2026-02-05 23:00:00,63878.7,64866.0,62666.3,62868.1,25865.405,1651974235.2956,764362533.71,876431
2026-02-06 00:00:00,62868.1,63812.5,59800.0,63460.4,94089.579,5808759615.9333,2736275859.8639,1958948
2026-02-06 01:00:00,63460.4,65741.4,63458.1,65666.0,39678.824,2560681881.6264,1363197885.2096,1184054
2026-02-06 02:00:00,65666.0,65969.5,64124.9,64955.6,28572.122,1854835620.1429,915225409.4614,862510
2026-02-06 03:00:00,64955.6,65126.9,63702.3,64138.1,14629.783,942392760.5366,436898431.5218,601318
2026-02-06 04:00:00,64138.1,64974.8,63924.7,64865.1,9945.249,642422994.3237,334035691.1829,468568
2026-02-06 05:00:00,64865.1,66783.0,64767.3,66365.3,19082.992,1257763647.2107,697091659.2214,575761
2026-02-06 06:00:00,66365.3,66753.7,64805.3,64947.6,23433.626,1538852082.768,687938571.1927,593587
2026-02-06 07:00:00,64947.6,65509.6,64590.1,64811.2,17636.101,1145906769.9996,598166836.3935,481400
2026-02-06 08:00:00,64811.2,65168.9,64438.9,64850.1,13883.424,899602715.8032,404674739.287,468614
2026-02-06 09:00:00,64850.2,66119.2,64716.6,65757.9,15267.607,1000706593.9588,499894056.6083,438639
2026-02-06 10:00:00,65757.9,66198.7,65500.0,65929.4,11219.667,739268065.4015,318760610.5682,311162
2026-02-06 11:00:00,65929.5,66773.4,65732.1,66586.1,13740.05,909885135.1946,559076017.9116,315820
2026-02-06 12:00:00,66586.1,66588.0,66072.0,66522.6,9918.345,657820261.4448,333759360.6481,305876
2026-02-06 13:00:00,66522.7,67661.8,66440.8,67274.9,24032.659,1611746392.125,900900323.2869,682728
2026-02-06 14:00:00,67274.9,68588.0,66539.3,68149.1,39719.043,2689301088.7766,1347792671.8776,1143992
2026-02-06 15:00:00,68149.1,69157.9,67715.0,68577.5,32017.004,2188046233.4307,1144895472.4834,1075854
2026-02-06 16:00:00,68577.5,70188.8,68348.0,69896.0,35363.519,2458941258.7673,1309169749.5454,977385
2026-02-06 17:00:00,69896.0,71451.6,69536.0,70707.3,33804.794,2388529300.5343,1341751538.6664,994033
2026-02-06 18:00:00,70707.3,70772.1,69301.8,69728.7,26679.981,1865912250.1399,850712720.0447,841749
2026-02-06 19:00:00,69728.7,70927.8,69608.0,70675.5,12127.002,851795612.3992,460075725.2843,484407
2026-02-06 20:00:00,70675.5,70954.7,69925.3,69939.0,13222.419,931074931.1471,455568823.633,517525
2026-02-06 21:00:00,69939.0,70454.8,69764.7,70308.7,6390.025,448085297.8276,236019441.8587,292404
2026-02-06 22:00:00,70308.7,71550.0,70227.7,71321.1,12899.943,915352320.2025,555447699.4767,383401
2026-02-06 23:00:00,71321.2,71714.4,70469.1,70544.5,11829.011,839471846.2719,376619856.9587,373169
2026-02-07 00:00:00,70544.5,70569.4,69674.5,69917.1,14132.531,990138273.7562,472494384.8543,483512
2026-02-07 01:00:00,69917.2,70665.1,69695.9,70431.1,7386.123,518385565.4642,288767250.95,269981
2026-02-07 02:00:00,70431.0,70589.1,70101.1,70319.0,4176.687,293831818.9698,142259124.7276,189778
2026-02-07 03:00:00,70319.1,70899.5,70237.4,70887.1,6160.414,435315899.9617,215715286.5423,237227
2026-02-07 04:00:00,70887.2,71690.0,70564.0,70728.7,12773.123,908274590.9794,479190525.3923,414484
2026-02-07 05:00:00,70728.6,71150.0,69906.4,70124.6,11941.722,841324355.1944,336798422.4333,355123
2026-02-07 06:00:00,70124.6,70274.5,68700.0,68733.6,19458.749,1353523440.7789,450541245.9174,497458
2026-02-07 07:00:00,68733.6,69050.0,67250.0,68050.5,44529.556,3031064447.6708,1504866439.8772,1197819
2026-02-07 08:00:00,68050.5,68797.8,67710.8,68458.5,16734.464,1143682992.5533,678326478.6058,497300
2026-02-07 09:00:00,68458.6,68732.0,67855.0,68107.4,9297.469,634563675.7394,313588581.5108,334843
2026-02-07 10:00:00,68107.3,68288.0,67550.2,67954.8,7765.738,527136692.7552,246909987.2548,283249
2026-02-07 11:00:00,67954.8,68132.1,67639.2,67935.1,6036.474,409799476.9345,232268481.4938,221203
2026-02-07 12:00:00,67935.0,70000.0,67870.2,68988.7,30337.618,2097129780.0655,1116046542.3682,835443
2026-02-07 13:00:00,68988.7,69333.0,68771.8,69062.8,7345.268,507042335.2914,266249961.4998,293364
2026-02-07 14:00:00,69062.9,69154.9,68290.0,68615.9,8372.204,575343593.8734,249558690.3578,335124
2026-02-07 15:00:00,68615.8,69776.9,68519.9,69122.1,13671.289,946294856.9617,511108748.8637,470798
2026-02-07 16:00:00,69122.1,69887.7,68801.0,68924.3,18840.729,1306707168.4291,649868003.6233,644043
2026-02-07 17:00:00,68924.4,69399.2,68478.1,69154.3,7519.676,518449427.1469,251813006.8464,300834
2026-02-07 18:00:00,69154.2,69672.6,68966.9,69475.0,4883.362,338658919.1432,182384676.2141,234964
2026-02-07 19:00:00,69475.0,69555.2,69222.3,69341.4,2843.488,197267778.2057,105078629.5705,144635
2026-02-07 20:00:00,69341.3,69688.2,69216.6,69596.5,2410.976,167498903.3429,87701138.132,121978
2026-02-07 21:00:00,69596.5,69669.7,69312.0,69466.3,2010.778,139705787.5957,68326123.1648,115466
2026-02-07 22:00:00,69466.2,69673.6,69273.5,69368.2,1928.806,133971711.9547,68703185.1842,91024
2026-02-07 23:00:00,69368.2,69436.8,68734.6,69254.2,6106.407,421747839.2298,191517676.2957,214595
2026-02-08 00:00:00,69254.3,69399.4,68843.7,69100.2,4054.301,280084118.2042,140888207.0907,172965
2026-02-08 01:00:00,69100.3,69478.2,69057.4,69341.5,3303.609,228832151.5706,121087987.4984,152800
2026-02-08 02:00:00,69341.4,69666.0,69111.0,69335.7,4375.413,303561924.0366,151536687.9098,163474
2026-02-08 03:00:00,69335.7,69418.2,69026.5,69064.7,3178.329,220053600.6459,104324915.4548,124190
2026-02-08 04:00:00,69064.7,69348.8,68928.0,69303.4,2424.538,167687775.2426,86159093.6582,114746
2026-02-08 05:00:00,69303.4,69397.1,69112.2,69190.7,2627.932,181959917.338,100644110.3691,94504
2026-02-08 06:00:00,69190.8,69391.1,69055.0,69321.8,2808.127,194511477.6051,100738183.282,127294
2026-02-08 07:00:00,69321.7,69693.0,69175.9,69665.0,4242.838,294679770.6502,167636715.03,150058
2026-02-08 08:00:00,69665.1,70790.0,69467.9,70624.5,16299.522,1144049398.8596,672748088.8282,468142
2026-02-08 09:00:00,70624.4,70671.5,70058.0,70066.8,6897.388,484903834.7012,226115613.6415,262833
2026-02-08 10:00:00,70066.9,70422.2,69839.1,70231.1,10093.15,707651713.8252,350330139.2172,277003
2026-02-08 11:00:00,70231.1,71199.9,70182.1,70954.0,10531.788,745472175.9156,406557999.903,339261
2026-02-08 12:00:00,70954.0,71281.3,70653.0,71203.4,7465.325,529518614.0132,301910347.6133,259961
2026-02-08 13:00:00,71203.4,71479.7,70921.6,71472.6,7550.342,537968724.7771,265802050.3339,270723
2026-02-08 14:00:00,71472.5,71524.9,71047.1,71218.3,5452.751,388533158.6267,186725700.5233,221512
2026-02-08 15:00:00,71218.3,71433.2,70730.2,71152.6,7786.826,553446461.0334,268714019.0591,321702
2026-02-08 16:00:00,71152.5,71225.5,70220.1,70388.7,9205.941,650619733.7452,290479540.6574,331130
2026-02-08 17:00:00,70388.6,70840.9,70374.8,70754.5,5510.516,389362585.3363,199651514.3392,238590
2026-02-08 18:00:00,70754.4,71376.3,70710.4,71103.1,5755.059,409010618.256,223574061.0214,238908
2026-02-08 19:00:00,71103.0,71480.0,71100.5,71381.0,2974.356,212046110.8051,104853609.0739,145452
2026-02-08 20:00:00,71381.0,71381.3,70657.7,70801.5,4304.587,305533129.5701,142436233.0209,174061
2026-02-08 21:00:00,70801.5,71103.8,70500.0,70665.4,3400.505,240718703.2368,116781785.4421,152510
2026-02-08 22:00:00,70665.5,71076.4,70607.4,71036.2,2602.596,184361697.518,99625776.637,121498
2026-02-08 23:00:00,71036.2,72300.0,69913.3,70288.1,29907.848,2122927632.7445,1101187775.8515,835420
2026-02-09 00:00:00,70288.2,70738.5,70065.8,70454.1,7449.806,524627262.9815,293345635.6699,365328
2026-02-09 01:00:00,70453.8,70892.8,70013.3,70328.0,7691.265,541683901.1271,267942906.8268,371637
2026-02-09 02:00:00,70327.9,70979.8,70175.1,70593.0,5502.864,388398199.8989,201328857.7873,273573
2026-02-09 03:00:00,70593.1,71434.9,70571.4,71269.9,7431.204,527908135.3106,303343989.1253,287084
2026-02-09 04:00:00,71269.8,71320.0,70875.0,70967.0,4094.329,291014586.709,149323758.8903,184310
2026-02-09 05:00:00,70966.9,71079.0,70766.8,71014.2,3491.471,247605288.5822,142416609.5629,151971
2026-02-09 06:00:00,71014.1,71014.2,70251.1,70622.4,6532.962,460879715.4166,240328156.0923,226003
2026-02-09 07:00:00,70622.4,70868.1,70317.8,70393.5,5044.225,355887422.0521,181832814.9009,184963
2026-02-09 08:00:00,70393.5,70583.3,69358.6,69832.2,13254.842,926354470.9602,408009555.3168,410681
2026-02-09 09:00:00,69832.1,70081.9,69429.5,69588.0,7835.646,546326521.5897,258028124.8166,263797
2026-02-09 10:00:00,69587.9,69698.9,68373.9,68694.0,19882.71,1370202646.3707,613736071.0446,547073
2026-02-09 11:00:00,68694.1,68997.6,68550.0,68899.9,8037.784,553059879.3121,286420505.7368,276814
2026-02-09 12:00:00,68900.0,69220.0,68822.2,69109.7,8382.834,578883547.0485,328626073.7023,244782
2026-02-09 13:00:00,69109.7,69275.7,68548.3,68556.9,8131.572,560862857.0227,245223429.2702,263398
2026-02-09 14:00:00,68557.0,69740.4,68271.7,69232.4,23586.094,1625710701.5969,848489409.1584,829755
2026-02-09 15:00:00,69232.5,69843.7,68767.6,69528.9,16427.319,1139011692.5547,571447527.2523,599670
2026-02-09 16:00:00,69528.9,70389.5,69050.0,70049.1,14912.022,1040468615.4874,572700864.4811,537512
2026-02-09 17:00:00,70049.1,71008.0,69824.4,70570.6,15731.566,1107333568.5119,580583890.6773,483372
2026-02-09 18:00:00,70570.6,70978.6,70045.9,70379.9,9082.287,639446628.6136,318011582.3043,392512
2026-02-09 19:00:00,70379.9,71041.0,70213.1,70912.7,7258.748,513343450.9474,234774841.7343,289237
2026-02-09 20:00:00,70912.6,71085.0,70450.0,70683.9,7956.699,562701607.8063,249602547.027,295713
2026-02-09 21:00:00,70683.9,70758.0,69776.1,70362.4,8040.421,564131659.1586,271179673.7517,247939
2026-02-09 22:00:00,70362.4,70687.9,70236.3,70334.2,3671.125,258582009.6607,122642637.4952,141997
2026-02-09 23:00:00,70334.2,70542.9,70042.1,70110.5,3013.033,211808602.0959,100247988.1325,131426
2026-02-10 00:00:00,70110.6,70226.3,69705.8,69793.3,5042.715,352687306.308,166031125.3099,174097
2026-02-10 01:00:00,69793.3,70499.9,69793.3,70454.7,5037.602,353799223.3523,194052360.299,197353
2026-02-10 02:00:00,70454.7,70454.7,69952.8,70068.4,3527.539,247593514.2048,120423650.307,145457
2026-02-10 03:00:00,70068.5,70137.4,69155.8,69473.3,8925.251,620653373.3977,270315187.6994,288743
2026-02-10 04:00:00,69473.2,69886.1,69432.9,69800.5,5095.792,355189607.424,201249346.4673,162751
2026-02-10 05:00:00,69800.5,69832.1,69169.1,69415.3,5921.583,411377966.9034,186220238.9213,203173
2026-02-10 06:00:00,69415.4,69469.8,68633.3,68872.4,9749.316,672869491.6278,272949244.0593,309713
2026-02-10 07:00:00,68872.4,69173.4,68800.1,68882.1,6144.663,423908454.667,208691478.6953,194931
2026-02-10 08:00:00,68882.2,69195.2,68686.9,69091.9,6812.081,469700194.2733,243991721.0636,201465
2026-02-10 09:00:00,69091.8,69376.3,68913.9,69115.0,6222.059,430466257.7522,242513389.6462,180262
2026-02-10 10:00:00,69115.0,69232.7,68876.5,68884.8,3084.9,212988659.7759,103591138.2607,112343
2026-02-10 11:00:00,68884.8,69048.9,68406.4,68489.9,8671.396,595508642.8284,257066810.9846,214801
2026-02-10 12:00:00,68489.9,68819.1,68370.3,68564.8,6344.953,435331996.7533,220018844.3013,200346
2026-02-10 13:00:00,68564.7,69099.6,68318.0,68981.9,8027.556,551926908.9381,282841255.6982,264390
2026-02-10 14:00:00,68981.8,69554.7,67883.0,68426.3,27724.225,1901977472.2636,944924930.894,751581
2026-02-10 15:00:00,68426.3,69485.0,68258.7,69251.5,19063.302,1315030098.2601,657167339.1315,679188
2026-02-10 16:00:00,69251.4,69778.0,68889.7,69473.5,10899.266,756088315.3047,390847148.7861,422775
2026-02-10 17:00:00,69473.5,69957.9,69267.8,69886.6,8006.235,557895230.9232,278955210.8388,300406
2026-02-10 18:00:00,69886.5,69910.1,68555.6,68860.0,10012.65,691940189.6429,330734979.1765,381260
2026-02-10 19:00:00,68860.0,69278.2,68658.9,69031.4,5821.034,401445745.3405,214649199.7405,261036
2026-02-10 20:00:00,69031.3,69116.9,68585.6,68719.2,4464.833,307208022.6574,149769640.9793,203261
2026-02-10 21:00:00,68719.2,68980.0,68322.1,68623.3,4547.422,311951587.3172,150539935.7402,174679
2026-02-10 22:00:00,68623.3,68833.5,68526.6,68662.7,2536.382,174143320.0956,90150651.8649,102825
2026-02-10 23:00:00,68662.7,68830.8,68468.9,68805.3,2189.854,150348509.1246,75881261.3347,108745
2026-02-11 00:00:00,68805.3,69218.3,68750.0,69156.8,3950.544,272572292.1285,150144063.3569,152558
2026-02-11 01:00:00,69156.9,69262.7,68868.8,68947.5,2672.496,184481498.509,88332072.3705,124995
2026-02-11 02:00:00,68947.5,69132.7,68563.8,68641.3,3918.734,269713582.4831,115701820.7105,155687
2026-02-11 03:00:00,68641.3,68718.0,67951.8,68143.6,8603.423,587563415.4812,258272877.2794,273279
2026-02-11 04:00:00,68143.6,68288.0,67320.0,67548.8,13524.481,915307616.294,402877750.6759,419865
2026-02-11 05:00:00,67548.8,67781.4,67357.0,67367.8,5558.451,375508239.0137,182110492.765,208633
2026-02-11 06:00:00,67367.8,67463.4,66511.0,66788.0,15850.0,1061057394.5628,482417186.0153,450524
2026-02-11 07:00:00,66786.3,67225.0,66600.1,67000.0,8187.628,548025776.3753,297120704.0711,261285
2026-02-11 08:00:00,67000.0,67094.4,66755.2,66950.3,5194.714,347639777.6125,180081189.1497,203461
2026-02-11 09:00:00,66950.3,67085.5,66682.1,66848.6,4120.254,275454452.7019,136988592.1745,156785
2026-02-11 10:00:00,66848.6,66864.8,66342.6,66506.0,8850.049,589291803.1196,259469168.1697,270097
2026-02-11 11:00:00,66506.1,67087.4,66477.9,67023.0,7071.645,472880814.9464,257662001.0736,230540
2026-02-11 12:00:00,67022.9,67400.0,66922.5,67099.2,9017.22,605612922.629,339904280.052,238950
2026-02-11 13:00:00,67099.2,67638.4,66757.9,67424.2,16779.184,1127223673.4294,594645253.941,490363
2026-02-11 14:00:00,67424.1,68821.1,66400.0,66559.9,39554.805,2677194904.5171,1380269954.9231,1095076
2026-02-11 15:00:00,66559.8,66788.7,65718.5,66489.3,29237.621,1937023688.6002,944078324.4376,947675
2026-02-11 16:00:00,66489.4,67250.0,65910.0,66008.0,16888.019,1123544440.8147,579137564.9863,585251
2026-02-11 17:00:00,66008.0,66895.0,65834.5,66489.1,11145.115,740716640.897,349599248.7938,441524
2026-02-11 18:00:00,66489.1,67274.6,66114.5,67239.2,8778.468,586406148.6817,300074670.3365,365902
2026-02-11 19:00:00,67239.2,67831.4,67069.4,67547.7,10690.909,721773830.6509,352787091.1855,384886
2026-02-11 20:00:00,67547.6,67720.0,67138.4,67523.2,5348.964,360628853.7816,173228917.6587,243475
2026-02-11 21:00:00,67523.3,68315.0,67371.5,67780.6,10323.114,701640740.7566,384991468.969,289795
2026-02-11 22:00:00,67780.6,67844.1,67352.6,67392.0,4026.619,272136637.3296,134371972.9681,152543
2026-02-11 23:00:00,67392.1,67528.7,66757.4,67054.4,7333.067,491764358.6951,208726532.8168,218399
2026-02-12 00:00:00,67054.8,67685.0,67016.6,67431.6,6121.49,412347658.0648,222058440.7071,196854
2026-02-12 01:00:00,67431.7,68021.0,67430.5,67668.4,6103.855,413328332.1968,208214431.0687,216407
2026-02-12 02:00:00,67668.3,67769.1,67370.7,67408.3,4180.768,282479041.2221,133550751.0163,175287
2026-02-12 03:00:00,67408.3,67564.1,67267.1,67550.2,2723.961,183634938.4428,83536339.5204,122361
2026-02-12 04:00:00,67550.3,67659.6,66962.8,66989.9,6024.71,405506439.8691,164009153.5876,177209
2026-02-12 05:00:00,66989.8,67178.2,66640.0,67110.1,5661.38,378815342.3938,196046861.0318,201449
2026-02-12 06:00:00,67110.1,67329.0,66976.8,67096.1,3145.66,211320836.4683,113389056.1399,134757
2026-02-12 07:00:00,67096.1,67296.8,66902.6,67181.5,3137.466,210516411.6877,102617201.5924,111976
2026-02-12 08:00:00,67181.5,67313.9,66860.0,67107.3,3535.509,237079964.3396,124732856.9312,132811
2026-02-12 09:00:00,67107.4,67699.9,67012.5,67517.7,5312.339,357833023.6252,190313990.005,167538
2026-02-12 10:00:00,67517.7,67998.8,67372.1,67979.5,5671.9,383866594.8293,200200814.7761,184995
2026-02-12 11:00:00,67979.4,68265.5,67650.1,68031.8,9190.079,624810928.6745,289464535.1914,243491
2026-02-12 12:00:00,68031.8,68125.8,67684.8,67832.4,6241.212,423701193.7595,205787089.1901,170375
2026-02-12 13:00:00,67832.4,68375.9,67643.3,68339.9,8579.923,583136407.1295,303155551.7062,248903
2026-02-12 14:00:00,68340.0,68385.0,67448.4,67547.5,12764.267,866081833.2961,407361943.6917,439861
2026-02-12 15:00:00,67547.8,67970.9,66958.0,67107.0,17537.156,1182205547.3423,597213143.4785,591331
2026-02-12 16:00:00,67107.0,67221.9,65503.2,65825.7,32467.878,2151885816.6641,986639514.4651,902742
2026-02-12 17:00:00,65825.7,66238.8,65320.4,65383.9,16841.36,1108283471.847,526715904.9557,517356
2026-02-12 18:00:00,65383.8,65763.0,65081.0,65559.4,12697.179,830825218.647,400527498.5349,448266
2026-02-12 19:00:00,65559.4,66090.8,65234.0,65760.7,8965.275,589468938.3144,313201072.8624,305802
2026-02-12 20:00:00,65760.7,66008.7,65177.8,65401.0,7181.946,470687292.023,231204541.0846,287573
2026-02-12 21:00:00,65401.0,65873.3,65400.1,65821.8,3994.025,262219231.9073,136079595.7449,165009
2026-02-12 22:00:00,65821.7,66382.0,65610.0,66262.4,6146.564,405911098.3096,212843808.6528,152406
2026-02-12 23:00:00,66262.4,66460.8,66131.1,66243.1,5767.357,382345279.2365,173101445.2569,186073
2026-02-13 00:00:00,66243.2,66498.4,65833.9,65881.4,5842.004,386268941.5382,192914637.6507,194183
2026-02-13 01:00:00,65881.5,66595.2,65881.5,66423.4,4784.428,317235086.5903,163843928.2796,183363
2026-02-13 02:00:00,66423.4,66732.8,66345.1,66627.9,3555.029,236556059.215,115024959.8673,144679
2026-02-13 03:00:00,66628.0,66778.5,66423.1,66519.6,3869.004,257568809.3321,121961126.8355,142787
2026-02-13 04:00:00,66519.6,66650.2,66273.4,66299.9,3143.937,208825198.237,96786923.4534,118600
2026-02-13 05:00:00,66300.0,66477.1,66151.5,66151.5,3317.222,219971566.7486,101066308.8921,118784
2026-02-13 06:00:00,66151.5,66367.5,65964.2,66333.7,3966.275,262263533.7219,125979358.7803,139043
2026-02-13 07:00:00,66333.7,66545.7,66012.2,66183.3,5353.404,354925122.5969,197627279.966,160378
2026-02-13 08:00:00,66183.3,66723.0,66159.9,66673.0,5100.09,338900737.0102,175049634.5515,168642
2026-02-13 09:00:00,66673.0,67046.2,66574.9,66924.3,6938.023,463520550.7965,241956998.852,190400
2026-02-13 10:00:00,66924.4,67095.1,66766.1,66939.4,5500.592,368059350.446,173608382.1307,161083
2026-02-13 11:00:00,66939.5,67196.8,66750.0,67137.8,5321.733,356370975.5698,188309161.4816,163575
2026-02-13 12:00:00,67137.8,67180.1,66887.0,67050.0,3807.097,255213908.9572,125448071.9065,132600
2026-02-13 13:00:00,67050.1,67600.0,66903.0,67238.2,12858.003,865288609.9399,438124601.6834,346647
2026-02-13 14:00:00,67238.1,67999.9,66823.6,67709.5,20175.242,1361059707.3151,658567167.2426,583423
2026-02-13 15:00:00,67709.6,69289.5,67653.0,68652.0,34623.808,2373783869.7043,1319725014.5083,881335
2026-02-13 16:00:00,68652.1,69473.7,68500.0,68920.8,17731.884,1223876365.937,622799986.5498,484155
2026-02-13 17:00:00,68920.9,69215.7,68593.8,69003.9,8251.271,568830467.9203,272301906.8616,287464
2026-02-13 18:00:00,69004.0,69378.8,68853.9,69086.7,7384.669,510264255.3167,238574024.8786,255582
2026-02-13 19:00:00,69086.8,69197.0,68865.2,68904.2,4796.435,331087847.7349,152478040.0403,169833
2026-02-13 20:00:00,68904.3,68936.1,68639.7,68750.1,5954.506,409599688.7684,209346119.6046,190954
2026-02-13 21:00:00,68750.1,69055.9,68700.1,68869.2,4475.315,308268816.418,162170118.6884,106870
2026-02-13 22:00:00,68869.2,68975.9,68674.6,68968.9,3534.643,243347107.3051,111010580.1213,100239
2026-02-13 23:00:00,68968.9,68985.4,68784.1,68821.5,2758.675,190015818.161,91661750.5258,81805
2026-02-14 00:00:00,68821.5,69118.1,68736.2,69062.2,3401.089,234423125.9517,126154525.9236,100138
2026-02-14 01:00:00,69062.2,69082.8,68888.1,68932.0,2790.614,192524602.6464,104123969.4981,80286
2026-02-14 02:00:00,68932.0,68981.1,68817.2,68849.2,2150.014,148122792.8248,74444018.4229,63382
2026-02-14 03:00:00,68849.3,68994.1,68818.0,68947.7,1300.98,89623612.884,52630667.2879,46414
2026-02-14 04:00:00,68947.7,68967.3,68755.6,68763.6,1524.606,104955703.4434,43582659.1823,52738
2026-02-14 05:00:00,68763.5,68878.3,68712.8,68738.1,1721.191,118406697.8752,54016334.4405,55023
2026-02-14 06:00:00,68738.2,68897.6,68689.1,68895.3,1668.924,114828113.1576,63702719.1603,50342
2026-02-14 07:00:00,68895.4,69318.2,68848.1,69182.2,4212.664,291076914.5879,181408522.5396,94338
2026-02-14 08:00:00,69182.1,69847.1,69174.5,69707.3,9014.765,627120263.1666,370073943.6614,234680
2026-02-14 09:00:00,69707.3,69868.6,69532.3,69675.6,3644.123,253976635.573,124874643.7466,116253
2026-02-14 10:00:00,69675.6,69675.6,69542.3,69633.8,1814.741,126301039.551,58693766.6657,58263
2026-02-14 11:00:00,69633.8,70557.7,69633.7,70464.8,12955.143,908979114.5039,553638235.7143,300036
2026-02-14 12:00:00,70464.8,70499.4,69525.6,69602.2,13120.622,918430679.2858,332182424.2616,284118
2026-02-14 13:00:00,69602.2,69734.0,69163.7,69430.1,12223.314,848857132.6235,351568889.0965,304645
2026-02-14 14:00:00,69430.0,69825.0,69295.0,69667.3,6006.689,417856086.6703,219410909.9456,172463
2026-02-14 15:00:00,69667.3,70010.6,69528.3,69754.2,5019.742,350294745.8843,183999625.252,160483
2026-02-14 16:00:00,69754.2,69787.3,69259.1,69731.3,7558.442,525574959.0646,290826456.3165,219021
2026-02-14 17:00:00,69731.2,69903.3,69581.9,69710.9,3909.046,272629128.4632,152528138.0599,143484
2026-02-14 18:00:00,69710.9,69832.0,69641.6,69741.0,2188.209,152608757.0328,75851319.9081,75467
2026-02-14 19:00:00,69741.1,69897.1,69573.8,69849.0,2297.747,160348489.6314,90077643.3586,86696
2026-02-14 20:00:00,69848.9,69999.0,69682.0,69987.4,3403.725,237831057.3754,148607803.058,86753
2026-02-14 21:00:00,69987.5,70230.6,69600.0,69896.4,6008.469,420180024.2694,220374441.4609,139281
2026-02-14 22:00:00,69896.4,70065.0,69737.0,69927.3,2899.885,202695844.4015,105854686.1934,80320
2026-02-14 23:00:00,69927.3,69984.6,69678.1,69795.4,3699.502,258288673.2864,139571901.1592,96877
2026-02-15 00:00:00,69795.4,69827.3,69562.0,69743.4,3238.879,225685486.4385,124570717.6253,99953
2026-02-15 01:00:00,69743.4,69872.1,69316.0,69684.9,4637.493,322542190.2432,136080387.2818,142192
2026-02-15 02:00:00,69684.9,69726.9,69325.9,69450.6,2795.265,194249730.9963,88033627.9248,111556
2026-02-15 03:00:00,69450.6,69967.4,69212.2,69926.0,7900.26,550100517.1244,359016627.3441,192287
2026-02-15 04:00:00,69925.9,70499.8,69925.9,70157.0,11091.112,778568543.6062,422438190.6814,252022
2026-02-15 05:00:00,70156.9,70467.8,70101.5,70235.9,3563.703,250507387.0785,145793966.0267,111557
2026-02-15 06:00:00,70235.9,70514.8,70150.0,70370.2,3469.854,244083548.9479,135109746.8186,107945
2026-02-15 07:00:00,70370.2,70907.7,70275.5,70784.0,8122.703,574204763.5365,300381864.5219,232631
2026-02-15 08:00:00,70784.0,70938.5,70114.8,70405.1,9186.136,647375873.8202,299284967.6513,237184
2026-02-15 09:00:00,70405.1,70628.0,70330.7,70382.5,3031.758,213691471.1306,100318863.7051,110121
2026-02-15 10:00:00,70382.5,70487.8,70166.9,70389.5,3119.24,219392227.734,113214307.9593,112505
2026-02-15 11:00:00,70389.6,70514.6,70237.1,70268.7,2979.669,209569808.0768,77749515.9113,72764
2026-02-15 12:00:00,70268.6,70391.0,69266.1,69284.9,13184.43,921056866.4549,417689880.6828,269575
2026-02-15 13:00:00,69285.0,69593.2,68741.4,68907.2,17152.7,1186048272.6498,589282618.7556,367005
2026-02-15 14:00:00,68907.2,69180.0,68811.5,69140.0,6859.823,473534440.4453,237627137.2685,196531
2026-02-15 15:00:00,69139.9,69230.0,68845.0,69068.1,4590.096,316893908.8691,161133641.5682,143629
2026-02-15 16:00:00,69068.1,69074.0,68753.0,68977.6,4280.153,295040821.6933,135164610.2245,133408
2026-02-15 17:00:00,68977.6,69050.4,68152.0,68607.8,10221.126,700769314.482,311313431.4085,241643
2026-02-15 18:00:00,68607.8,68770.9,68313.6,68420.0,7148.019,489882246.3858,249103986.4974,228678
2026-02-15 19:00:00,68420.0,68542.6,68029.6,68263.6,8934.921,610042139.8493,270162208.9729,253887
2026-02-15 20:00:00,68263.7,68535.4,68100.2,68420.1,2740.043,187321234.6159,107905544.0241,108887
2026-02-15 21:00:00,68420.1,68934.0,68420.1,68809.0,4572.847,314313318.6373,192116773.6048,124887
2026-02-15 22:00:00,68809.0,69049.2,68756.3,68962.2,2987.689,205915424.3464,102222338.4698,93548
2026-02-15 23:00:00,68962.2,68962.2,68291.1,68796.9,5442.211,373190590.7476,163754455.8402,186675
2026-02-16 00:00:00,68796.9,69033.6,68656.9,68810.4,3489.707,240252811.9496,119830666.1143,133513
2026-02-16 01:00:00,68810.4,69010.0,68409.3,68590.8,3231.459,221926653.8258,98233671.1754,126695
2026-02-16 02:00:00,68590.8,68697.9,68210.8,68295.1,3433.838,234874750.7743,107998265.1954,130207
2026-02-16 03:00:00,68295.2,68439.9,68112.2,68392.6,3282.435,224120170.497,117547985.0503,106658
2026-02-16 04:00:00,68392.6,68869.8,68385.0,68832.4,3560.902,244492515.1797,137177727.0504,104878
2026-02-16 05:00:00,68832.4,68860.7,68255.0,68350.1,3036.166,207820128.774,99559148.7874,95476
2026-02-16 06:00:00,68350.1,68496.9,68183.3,68414.8,2336.176,159704405.2878,81242129.7414,69105
2026-02-16 07:00:00,68414.8,68637.1,68330.4,68552.4,3390.245,232255688.5094,126595254.7108,92778
2026-02-16 08:00:00,68552.5,68769.5,68503.2,68724.5,2757.79,189354799.8416,100300746.0805,85008
2026-02-16 09:00:00,68724.5,69029.9,68707.0,68961.1,4388.67,302359802.2893,163978366.9369,124580
2026-02-16 10:00:00,68961.0,68961.0,68656.9,68762.0,2408.932,165749645.0655,73528498.8772,89349
2026-02-16 11:00:00,68762.0,68899.3,68300.0,68769.4,6290.391,431448138.2099,222959750.7882,165167
2026-02-16 12:00:00,68769.4,69826.0,68769.0,69739.3,15011.463,1041617307.6655,578028878.224,353721
2026-02-16 13:00:00,69739.3,70110.9,68180.0,68355.6,25343.395,1748419789.0926,830974278.9792,603042
2026-02-16 14:00:00,68355.5,68684.4,68208.6,68386.7,8923.954,610597499.8924,304601217.4188,315755
2026-02-16 15:00:00,68386.6,68578.4,67250.0,67505.5,20303.632,1374658905.4004,593952536.1116,506224
2026-02-16 16:00:00,67505.5,67950.0,67475.0,67854.0,7786.366,527248437.0986,293836337.9108,252642
2026-02-16 17:00:00,67854.1,68048.3,67557.2,67917.2,4993.367,338796300.9207,169607164.6299,167840
2026-02-16 18:00:00,67917.2,68221.7,67800.0,67833.0,5756.956,391634071.3584,166021041.1455,138067
2026-02-16 19:00:00,67833.0,68108.9,67785.4,67883.6,2130.03,144731185.4844,77788663.8644,85785
2026-02-16 20:00:00,67883.5,68544.0,67788.6,68508.9,5435.593,370714553.6009,204615742.3431,139985
2026-02-16 21:00:00,68508.9,68928.6,68400.0,68835.1,4982.79,341680876.1094,185540550.1574,157312
2026-02-16 22:00:00,68835.2,68870.7,68471.0,68561.1,3838.864,263643435.4156,120348903.0101,122553
2026-02-16 23:00:00,68561.1,68962.1,68508.0,68862.5,3466.627,238250363.1594,138544465.7088,114740
2026-02-17 00:00:00,68862.6,69033.0,68667.1,68849.9,3837.321,264255231.3151,146234491.8239,143511
2026-02-17 01:00:00,68849.9,68972.3,68537.0,68582.6,3318.034,228209834.5195,94084896.8975,124390
2026-02-17 02:00:00,68582.7,69228.6,68350.0,68806.3,5999.397,413148496.3514,208564415.3681,210458
2026-02-17 03:00:00,68806.3,68832.7,68435.7,68443.6,3323.125,228016574.0284,97978801.4059,123669
2026-02-17 04:00:00,68443.6,68681.8,68251.0,68450.1,3559.07,243633150.9227,113652849.5645,108905
2026-02-17 05:00:00,68450.0,68485.1,67854.2,68207.3,6793.287,462572960.0478,211248106.7844,175836
2026-02-17 06:00:00,68207.2,68496.4,68191.9,68370.8,2312.074,158046113.5674,79681851.9547,84833
2026-02-17 07:00:00,68370.7,68451.8,68133.1,68353.4,2771.063,189290136.2886,97580392.0101,91680
2026-02-17 08:00:00,68353.4,68445.8,68093.0,68140.0,2540.194,173351253.85,83721641.0523,93937
2026-02-17 09:00:00,68139.9,68277.0,67951.6,68087.1,3457.198,235297376.0579,122270401.1027,107661
2026-02-17 10:00:00,68087.0,68164.6,67655.0,67822.1,5253.726,356504271.5731,163104024.64,149950
2026-02-17 11:00:00,67822.1,67905.8,67656.5,67824.4,3948.353,267733960.7718,128708956.8351,115380
2026-02-17 12:00:00,67824.3,68272.5,67795.0,67893.2,6084.282,414051689.1708,216229526.9625,156287
2026-02-17 13:00:00,67893.3,68350.0,67700.3,68105.3,7085.474,482116793.4979,257841831.5385,216881
2026-02-17 14:00:00,68105.3,68319.5,66676.1,66846.7,21218.988,1427762163.5553,637119856.2367,581802
2026-02-17 15:00:00,66846.8,67381.5,66588.0,67363.6,16794.164,1124937544.7668,569519829.2126,517069
2026-02-17 16:00:00,67363.6,68127.9,67286.4,67493.1,15426.984,1044879964.6855,511589867.932,458425
2026-02-17 17:00:00,67493.1,67697.2,66824.5,67208.6,10398.168,698825961.6583,327902098.9556,346611
2026-02-17 18:00:00,67208.5,68209.0,67088.7,68063.3,9173.279,621636125.418,339698717.0449,285894
2026-02-17 19:00:00,68063.3,68220.1,67703.5,67766.9,5922.669,402422864.9498,176476142.3087,220674
2026-02-17 20:00:00,67766.9,67896.1,67426.4,67719.3,4106.759,277851071.446,129765915.6566,176962
2026-02-17 21:00:00,67718.0,67897.6,67500.0,67642.4,2203.405,149094487.8201,71671062.5149,96809
2026-02-17 22:00:00,67642.4,67755.0,67473.2,67498.2,1511.448,102166712.2527,50935329.9749,57134
2026-02-17 23:00:00,67498.1,67592.8,67355.7,67475.9,2146.66,144809044.7322,77941354.7387,90893
2026-02-18 00:00:00,67475.9,67595.5,67241.7,67263.9,2525.282,170233833.3407,86117445.6942,97168
2026-02-18 01:00:00,67267.0,67346.5,66850.1,67137.2,5545.605,371955997.8732,166983506.3487,157157
2026-02-18 02:00:00,67137.2,67398.2,67115.2,67297.9,2734.463,183955273.8033,100284442.7907,97565
2026-02-18 03:00:00,67298.0,67683.4,67294.7,67590.2,3054.107,206232887.9813,108074876.2427,97540
2026-02-18 04:00:00,67590.3,67872.8,67456.6,67790.9,3496.315,236514484.7657,125635279.5492,96989
2026-02-18 05:00:00,67790.9,67909.9,67572.0,67613.4,3560.92,241181205.226,122908840.0125,94365
2026-02-18 06:00:00,67613.3,67948.0,67577.0,67813.5,2411.858,163539783.1863,86924180.3814,77563
2026-02-18 07:00:00,67813.6,68190.2,67655.9,68078.4,4282.272,291116803.3562,168743699.195,118092
2026-02-18 08:00:00,68078.5,68438.0,68033.0,68099.9,7161.381,488459599.2634,258187253.4496,168870
2026-02-18 09:00:00,68099.9,68249.2,67966.0,68128.4,3514.59,239468489.2374,112479964.4412,87834
2026-02-18 10:00:00,68128.4,68153.7,67704.0,67771.2,4581.366,311100372.0853,132584466.7598,119381
2026-02-18 11:00:00,67771.2,67781.4,67037.2,67345.4,12045.744,811224330.5491,413036220.0681,258304
2026-02-18 12:00:00,67345.4,67658.0,67312.0,67429.8,4101.002,276783871.3602,131026709.8968,142353
2026-02-18 13:00:00,67429.9,67566.4,67007.0,67202.2,5965.911,401434128.9156,178761827.0436,162975
2026-02-18 14:00:00,67202.3,67329.9,66666.2,67190.5,12931.349,867037869.1297,424690850.6854,403872
2026-02-18 15:00:00,67190.4,68336.0,67159.5,67671.0,20144.567,1365314580.6462,719914955.7243,460595
2026-02-18 16:00:00,67671.1,67684.6,66933.0,67104.8,13995.137,940388106.6637,465513874.4312,347609
2026-02-18 17:00:00,67104.8,67455.7,67021.8,67156.3,5566.242,373853247.5421,189246156.4563,185470
2026-02-18 18:00:00,67156.6,67203.7,66129.6,66327.2,15106.978,1006205539.3828,417964560.0886,353663
2026-02-18 19:00:00,66327.2,66588.0,65826.1,66138.2,13685.695,905726246.6968,441712861.5597,373677
2026-02-18 20:00:00,66138.3,66528.8,66098.9,66230.2,7627.587,505574834.6581,254791282.438,219394
2026-02-18 21:00:00,66230.3,66466.8,65993.1,66300.6,5568.422,368876551.2267,187424893.713,139174
2026-02-18 22:00:00,66300.5,66451.5,66192.7,66379.0,1860.076,123369600.2856,67455799.9605,66788
2026-02-18 23:00:00,66379.0,66472.6,66240.0,66422.8,2506.522,166354622.3801,81798960.8532,88536
2026-02-19 00:00:00,66422.8,66573.6,66301.8,66410.7,2414.967,160436522.6469,86131374.8213,88614
2026-02-19 01:00:00,66410.8,66842.6,66407.9,66830.3,4017.947,267904253.5129,156193229.745,127034
2026-02-19 02:00:00,66830.4,66933.0,66610.5,66800.7,3376.35,225462998.7441,112204588.1549,113915
2026-02-19 03:00:00,66800.8,66975.0,66690.1,66950.4,2140.167,143093630.2247,71233678.3006,77853
2026-02-19 04:00:00,66950.4,67042.3,66721.7,66776.4,3540.004,236748152.4438,110499223.7263,98272
2026-02-19 05:00:00,66776.5,66867.7,66651.8,66847.6,2124.787,141811516.0373,70200425.2475,84390
2026-02-19 06:00:00,66847.6,67275.4,66836.5,67123.8,4125.633,276754584.7043,151600698.5769,126730
2026-02-19 07:00:00,67123.8,67299.4,67001.6,67180.4,3197.407,214713426.9534,114069330.3689,98294
2026-02-19 08:00:00,67180.4,67180.4,66769.0,66937.7,4992.942,334209089.5389,157903843.1551,137957
2026-02-19 09:00:00,66937.7,67173.8,66724.6,66811.8,4295.724,287573301.7646,129136908.1054,126078
2026-02-19 10:00:00,66811.7,66942.5,66711.6,66810.1,2682.196,179243746.901,86262145.7928,103363
2026-02-19 11:00:00,66810.0,66907.4,66431.1,66468.9,5663.747,377342981.2595,145788715.0935,122776
2026-02-19 12:00:00,66468.8,66655.5,66272.4,66489.6,6977.581,463938712.0532,207233380.3513,162500
2026-02-19 13:00:00,66489.5,66529.4,65716.7,65871.2,15683.408,1036490930.5093,440829348.6942,355835
2026-02-19 14:00:00,65871.2,66635.5,65595.7,66381.9,17468.809,1154655122.8521,587600130.3185,480373
2026-02-19 15:00:00,66382.0,66723.0,65931.2,66362.7,13215.867,875922616.2396,432332821.0326,405471
2026-02-19 16:00:00,66362.6,66494.7,65863.8,66267.6,8870.021,587468887.9973,301244037.7883,284773
2026-02-19 17:00:00,66267.6,67035.0,66140.9,66336.1,12509.252,833351103.7846,430505354.9716,334489
2026-02-19 18:00:00,66336.0,67067.3,66215.1,67003.2,11054.245,737897634.1784,409276288.3814,285507
2026-02-19 19:00:00,67003.2,67174.0,66667.0,67022.9,6888.18,461045057.1595,244364421.8665,218622
2026-02-19 20:00:00,67022.8,67147.8,66784.3,67118.7,4095.459,274389712.9145,148910068.414,148886
2026-02-19 21:00:00,67118.6,67144.0,66867.5,66893.2,2482.746,166360650.3018,79603235.5413,83109
2026-02-19 22:00:00,66893.1,66975.9,66618.2,66873.9,3481.079,232467677.865,112709037.652,99965
2026-02-19 23:00:00,66873.9,66997.9,66784.1,66974.0,2134.083,142782037.5995,77820756.3107,78795
2026-02-20 00:00:00,66973.9,67490.0,66912.4,67190.1,7309.963,491511049.91,273238754.2775,176876
2026-02-20 01:00:00,67190.2,67326.0,67115.2,67249.2,3013.908,202622295.6945,91667474.6619,99068
2026-02-20 02:00:00,67249.3,67318.9,67137.5,67208.1,2188.245,147135466.3683,79495549.9147,68891
2026-02-20 03:00:00,67208.0,67466.8,67206.6,67327.2,3650.977,245864429.9704,126004061.7983,89951
2026-02-20 04:00:00,67327.2,67359.3,67079.3,67228.4,4206.018,282780125.4337,119914761.0167,96056
2026-02-20 05:00:00,67228.5,67999.9,67166.1,67756.0,10525.63,712252509.5885,396018409.1411,201170
2026-02-20 06:00:00,67756.1,67865.2,67612.9,67809.4,4648.2,314959375.6667,156269158.9026,116287
2026-02-20 07:00:00,67809.5,67956.3,67704.5,67794.7,3751.544,254504902.6912,132161739.0265,90708
2026-02-20 08:00:00,67794.8,67920.0,67716.6,67839.9,2681.315,181816853.4975,86888168.1217,76564
2026-02-20 09:00:00,67839.8,68199.4,67839.8,68174.1,7335.101,499536293.7456,274422103.565,176823
2026-02-20 10:00:00,68174.2,68283.7,67733.8,67909.7,7861.981,535101389.9125,216453390.5041,171899
2026-02-20 11:00:00,67909.8,67945.1,67250.0,67290.5,9755.627,659792783.4077,297723284.7131,193490
2026-02-20 12:00:00,67290.4,67577.1,67222.7,67498.9,7385.525,497736920.3358,245428294.1613,150818
2026-02-20 13:00:00,67498.9,67503.3,66408.1,66784.8,27320.453,1826042614.2218,889824056.1705,488503
2026-02-20 14:00:00,66784.8,67299.9,66629.9,67043.2,15720.31,1052708640.9652,525492058.0039,400387
2026-02-20 15:00:00,67043.2,68099.9,66500.8,67547.6,38584.584,2597048659.8135,1308889081.1547,821049
2026-02-20 16:00:00,67547.6,67888.0,67253.0,67763.2,13764.663,930476988.0862,466456418.8699,370671
2026-02-20 17:00:00,67763.2,67763.2,66915.0,67582.0,23395.274,1573621446.3608,850600614.4674,468187
2026-02-20 18:00:00,67581.9,67998.9,67437.6,67901.1,11853.491,802544817.087,426561005.4046,330058
2026-02-20 19:00:00,67901.0,67983.0,67506.8,67616.5,4978.617,336994759.3932,152382362.8221,171312
2026-02-20 20:00:00,67616.5,67800.0,67486.6,67719.7,3337.43,225817961.4416,110406823.9689,108292
2026-02-20 21:00:00,67719.4,67816.4,67600.0,67792.3,3179.969,215362069.795,131284589.537,82200
2026-02-20 22:00:00,67792.3,68115.9,67603.2,68049.8,4592.295,311881114.9668,176761849.1194,113279
2026-02-20 23:00:00,68049.8,68220.0,67880.0,67979.3,4262.851,289997750.9934,138046269.9294,101612
2026-02-21 00:00:00,67979.3,68023.7,67745.3,67805.2,3433.568,233117910.4696,115383729.1879,77148
2026-02-21 01:00:00,67805.1,67981.7,67805.1,67916.1,1705.546,115790610.4595,62918493.2413,50161
2026-02-21 02:00:00,67916.2,68079.0,67875.3,67970.3,1973.738,134196282.9741,72677476.109,50594
2026-02-21 03:00:00,67970.3,67970.5,67488.9,67637.0,6371.533,431199997.5216,158016621.3286,122831
2026-02-21 04:00:00,67636.9,67823.1,67555.2,67782.2,2706.041,183099115.8442,92298407.0186,59297
2026-02-21 05:00:00,67782.3,67859.2,67757.1,67827.1,1563.808,106048738.1984,50635104.4477,40973
2026-02-21 06:00:00,67827.2,67899.0,67711.4,67759.5,1514.282,102670193.6236,45121227.4454,43754
2026-02-21 07:00:00,67759.6,67852.5,67712.6,67821.0,1050.925,71254870.8433,38169891.3,29680
2026-02-21 08:00:00,67821.0,68047.5,67776.2,68016.9,2736.752,185925819.8394,111510619.5249,55632
2026-02-21 09:00:00,68016.9,68280.0,67933.3,68115.8,7484.627,510151610.7164,279595214.7065,107331
2026-02-21 10:00:00,68115.7,68221.6,68108.6,68184.6,2217.915,151187784.9939,75685853.3526,54390
2026-02-21 11:00:00,68184.6,68259.4,68045.5,68060.9,3985.621,271645194.5186,133477047.1071,75553
2026-02-21 12:00:00,68061.0,68186.9,67882.8,68175.9,5452.278,370707527.4083,219823907.4863,82941
2026-02-21 13:00:00,68175.9,68250.0,68073.0,68223.3,2021.15,137770274.0595,73086670.9869,52087
2026-02-21 14:00:00,68223.3,68651.4,68146.6,68416.6,10117.936,692570404.7507,384538780.2708,175798
2026-02-21 15:00:00,68416.6,68687.0,68382.7,68571.5,4347.469,297921282.6356,177124775.077,101093
2026-02-21 16:00:00,68571.5,68599.3,68066.0,68292.4,8096.719,552949854.2517,246585765.1485,170033
2026-02-21 17:00:00,68292.3,68444.4,68156.4,68408.8,2897.726,197951023.5975,118267955.0372,76709
2026-02-21 18:00:00,68408.8,68616.8,68339.5,68547.2,3353.44,229659670.8975,131509842.951,83105
2026-02-21 19:00:00,68547.3,68632.5,68490.0,68516.3,2162.678,148267070.3058,79700348.9258,54077
2026-02-21 20:00:00,68516.3,68568.1,68114.4,68180.9,3241.815,221588647.0541,92673096.1638,69929
2026-02-21 21:00:00,68180.9,68373.6,68152.2,68351.0,2122.309,144904339.1893,84100472.5969,54657
2026-02-21 22:00:00,68351.1,68412.9,67860.0,67936.6,4302.123,292914887.2415,134548536.312,90379
2026-02-21 23:00:00,67936.7,68095.4,67900.8,67933.1,2635.494,179182676.7047,99871521.9299,68477
2026-02-22 00:00:00,67933.2,68035.7,67763.7,67912.0,2995.986,203350072.2657,95196524.785,84501
2026-02-22 01:00:00,67912.0,68147.6,67902.6,68132.3,2782.492,189321435.3227,97039641.8802,64036
2026-02-22 02:00:00,68132.3,68198.5,67836.7,67871.5,3333.311,226627751.2421,104355003.0274,78251
2026-02-22 03:00:00,67871.5,68031.7,67781.2,68010.5,3389.282,230156025.5837,109995507.7884,73397
2026-02-22 04:00:00,68010.5,68060.0,67931.0,67950.2,1721.132,117032250.8398,40148711.9973,40425
2026-02-22 05:00:00,67950.2,67983.3,67850.4,67944.5,1744.866,118488950.8576,51744632.6243,38635
2026-02-22 06:00:00,67944.5,68204.3,67933.9,68006.4,3623.535,246636206.9485,140480662.0494,57211
2026-02-22 07:00:00,68006.3,68067.2,67954.6,67973.0,1853.053,126009072.8499,59889707.6745,42112
2026-02-22 08:00:00,67973.0,67986.9,67877.0,67909.3,2839.387,192907791.5268,88612551.7479,44247
2026-02-22 09:00:00,67909.3,68081.9,67909.3,68022.4,1792.941,121918779.6025,57154021.2613,45749
2026-02-22 10:00:00,68022.4,68134.0,67982.3,68096.6,2034.918,138500801.1634,75560390.3038,41525
2026-02-22 11:00:00,68096.6,68220.0,68096.6,68183.4,2418.754,164885415.5378,96437963.0018,46767
2026-02-22 12:00:00,68183.4,68205.1,67836.4,67892.4,4777.343,324688473.0225,145712053.3997,98320
2026-02-22 13:00:00,67892.4,68011.4,67538.0,67622.4,8419.02,570097209.1601,284044027.3591,168526
2026-02-22 14:00:00,67622.3,67664.1,67310.6,67420.1,9264.553,625389656.3854,329266960.8467,179628
2026-02-22 15:00:00,67420.0,67800.0,67275.0,67659.9,8713.428,588796214.5804,290243748.0655,162585
2026-02-22 16:00:00,67660.0,67712.0,67486.2,67601.6,2777.038,187659751.9567,89530703.1698,75418
2026-02-22 17:00:00,67601.7,67602.5,67150.0,67365.0,6481.384,436420045.4093,216360896.04,139527
2026-02-22 18:00:00,67364.9,67444.5,67288.9,67392.3,2383.208,160548639.547,90922738.9808,70693
2026-02-22 19:00:00,67392.2,67458.5,67372.6,67402.2,1339.505,90307967.6975,46881924.778,39429
2026-02-22 20:00:00,67402.1,67464.3,67324.1,67374.9,1764.705,118919933.2814,69422706.5717,52187
2026-02-22 21:00:00,67375.0,67617.0,67375.0,67576.2,1649.612,111370942.4048,64132305.3292,43427
2026-02-22 22:00:00,67576.2,67728.0,67450.1,67631.2,2858.429,193191112.7711,107028391.4857,75091
2026-02-22 23:00:00,67631.2,67707.7,67435.5,67613.5,3385.54,228688792.4359,131057810.0059,102019
2026-02-23 00:00:00,67613.6,67655.8,66680.1,66705.8,8139.611,546392831.4675,231783516.1716,192211
2026-02-23 01:00:00,66705.8,66705.8,64232.8,64387.2,58774.078,3836457036.66,1751977822.6196,1265591
2026-02-23 02:00:00,64387.2,64877.2,64273.8,64742.4,14329.587,926273136.7221,490035350.3174,385902
2026-02-23 03:00:00,64742.5,65071.7,64658.0,64894.0,7843.597,508699453.5422,264699114.3717,201839
2026-02-23 04:00:00,64894.1,64989.9,64628.5,64777.3,4946.411,320560418.6849,144930102.0184,131423
2026-02-23 05:00:00,64777.2,65189.3,64768.8,65031.9,6877.93,447170960.2066,225974531.0441,163082
2026-02-23 06:00:00,65031.9,65775.0,64990.8,65717.7,11459.287,749680570.0838,391537145.2416,227314
2026-02-23 07:00:00,65717.7,65980.0,65597.5,65915.8,8197.238,539331752.9398,279361139.8764,187619
2026-02-23 08:00:00,65915.7,65922.9,65534.6,65639.0,6455.79,424014160.1089,186499058.729,152469
2026-02-23 09:00:00,65639.0,66432.9,65633.8,66374.8,11681.811,772326008.1399,432454926.597,234873
2026-02-23 10:00:00,66374.9,66574.5,66182.4,66291.1,7254.377,481395336.6397,232230157.9594,167958
2026-02-23 11:00:00,66291.2,66462.1,66072.5,66170.8,5334.809,353278704.6981,153992565.757,117303
2026-02-23 12:00:00,66170.8,66490.0,65860.9,66249.9,10192.338,674562233.5826,336133451.6863,204789
2026-02-23 13:00:00,66250.0,66397.8,66067.7,66099.9,6492.762,429890692.9984,255825721.6605,153934
2026-02-23 14:00:00,66099.9,66234.6,65500.0,65895.5,16521.43,1088474386.9966,512444346.6878,397972
2026-02-23 15:00:00,65895.6,66240.4,65556.6,65633.1,10861.521,715114477.3641,393836453.4973,356416
2026-02-23 16:00:00,65633.1,65701.2,65155.0,65343.1,13293.019,869635212.8978,425267849.7239,371256
2026-02-23 17:00:00,65343.0,65431.4,64111.8,64787.3,21891.512,1415460073.534,694871318.9143,493672
2026-02-23 18:00:00,64787.2,65149.0,64553.3,64602.9,10623.736,688477108.9302,363681287.2101,283379
2026-02-23 19:00:00,64602.9,64822.9,64050.0,64273.9,11253.569,724437647.7006,357730010.7356,293809
2026-02-23 20:00:00,64273.9,64460.0,63860.0,64445.9,10007.41,641786636.7758,321283364.9496,273777
2026-02-23 21:00:00,64445.9,64758.0,64427.5,64554.6,5109.025,329927965.688,171767354.4068,135869
2026-02-23 22:00:00,64554.6,64989.0,64526.9,64694.3,5115.153,331604017.7978,165704445.8221,136207
2026-02-23 23:00:00,64694.4,64873.6,64484.2,64625.8,4495.295,290801699.6279,160644121.5557,101955
2026-02-24 00:00:00,64625.8,64980.0,64625.7,64910.2,4047.921,262461833.7973,141808089.8434,115648
2026-02-24 01:00:00,64910.2,64910.2,63375.6,64131.0,22474.378,1439809129.7109,651320192.8004,533201
2026-02-24 02:00:00,64131.0,64480.0,63962.2,64080.3,6227.529,399638758.3958,194466681.4413,219609
2026-02-24 03:00:00,64080.2,64080.2,63303.9,63570.5,12030.927,765955950.5978,345268785.4233,339838
2026-02-24 04:00:00,63570.5,63606.3,62818.0,63338.2,18580.85,1173615820.5002,525315603.0018,416656
2026-02-24 05:00:00,63338.1,63514.4,62655.0,63067.5,12128.199,763864328.0789,343479065.2665,317088
2026-02-24 06:00:00,63067.5,63290.9,62848.5,63050.4,6001.515,378741166.0552,185723661.4243,194495
2026-02-24 07:00:00,63050.4,63333.0,62885.4,63155.3,6451.535,407338653.6872,203436355.5075,180508
2026-02-24 08:00:00,63155.4,63432.4,62965.2,63357.2,5545.127,350705323.0388,183761739.5607,152897
2026-02-24 09:00:00,63357.2,63384.0,62900.0,63213.3,5799.677,366071145.1996,169654936.1628,154410
2026-02-24 10:00:00,63213.4,63341.6,63068.6,63250.0,3115.546,196937129.0241,101756435.8522,100499
2026-02-24 11:00:00,63250.0,63295.9,63027.0,63192.2,3404.0,214986871.7246,99856634.7236,107012
2026-02-24 12:00:00,63192.1,63319.2,62923.0,62936.0,5583.868,352432381.263,156522165.5125,135945
2026-02-24 13:00:00,62935.9,63083.7,62401.7,62877.0,16775.853,1053980529.7624,533749486.2892,320413
2026-02-24 14:00:00,62877.0,63807.5,62727.0,63422.0,19172.078,1212903651.6115,637033462.1284,516076
2026-02-24 15:00:00,63422.0,63993.1,63270.6,63933.4,14213.937,905471163.8798,460945145.7035,428675
2026-02-24 16:00:00,63933.4,64388.0,63664.8,64227.3,17533.603,1122708272.0857,591763475.2476,425566
2026-02-24 17:00:00,64227.4,64491.0,64013.5,64188.8,10364.42,666012424.7339,322747795.3532,241783
2026-02-24 18:00:00,64188.8,64478.5,63850.0,64395.1,8711.554,559568530.4062,298456108.8463,208439
2026-02-24 19:00:00,64395.1,64719.1,64214.3,64405.4,7655.551,493262084.3868,265946561.4333,200315
2026-02-24 20:00:00,64405.4,64566.5,64281.5,64430.8,3535.966,227821843.4473,107062251.5075,116543
2026-02-24 21:00:00,64430.8,64430.8,63769.2,64009.2,7279.071,466119246.8064,223897186.3726,156095
2026-02-24 22:00:00,64009.2,64200.0,63943.5,64091.8,2811.42,180197265.7857,87203329.709,74162
2026-02-24 23:00:00,64091.8,64217.2,63821.5,64031.3,3706.044,237259252.5065,121577354.4113,102583
2026-02-25 00:00:00,64031.4,64288.0,63876.0,64188.9,3357.423,215159993.078,113126145.1946,106784
2026-02-25 01:00:00,64189.0,66283.1,64106.0,65860.4,33987.242,2229904157.2068,1213299339.6388,723085
2026-02-25 02:00:00,65860.4,66279.1,65817.2,65852.0,10049.211,663804050.8326,347809379.0525,280351
2026-02-25 03:00:00,65852.0,65928.7,65310.5,65361.7,9461.209,620201588.0923,289652854.6946,241749
2026-02-25 04:00:00,65361.7,65627.5,65053.9,65427.9,7601.452,497145822.2763,262983481.2223,186575
2026-02-25 05:00:00,65428.0,65488.2,64720.4,64847.9,9492.636,616947979.2144,288352629.0629,218819
2026-02-25 06:00:00,64847.9,65098.5,64828.8,64862.6,4110.235,267054336.5465,141292446.8013,111407
2026-02-25 07:00:00,64862.6,65160.4,64735.5,65001.1,5408.19,351496159.5224,191148971.0824,131956
2026-02-25 08:00:00,65001.2,65550.0,64929.7,65490.9,6516.588,425511603.9424,247557611.6479,162181
2026-02-25 09:00:00,65491.0,65674.1,65389.4,65524.2,5041.966,330254032.6256,164278105.253,122566
2026-02-25 10:00:00,65524.2,65640.0,65303.7,65364.4,3393.598,222003672.699,97473861.3553,95265
2026-02-25 11:00:00,65364.5,65457.3,65161.0,65396.7,4109.429,268335700.2871,127790367.4905,104954
2026-02-25 12:00:00,65396.6,66222.0,65280.1,66038.7,12344.16,812524152.7446,444796192.2191,253403
2026-02-25 13:00:00,66038.7,66687.1,65987.3,66209.5,16065.453,1064795862.3996,643501152.9232,282233
2026-02-25 14:00:00,66209.5,66985.5,66179.2,66936.9,17904.632,1191372456.2057,632868266.6511,440044
2026-02-25 15:00:00,66936.7,67548.0,66680.0,67362.3,23031.077,1546277178.5697,829252539.3062,550371
2026-02-25 16:00:00,67362.4,68300.5,67354.2,68249.9,20141.855,1366346790.3798,751642350.9391,465856
2026-02-25 17:00:00,68249.9,68842.0,67977.7,68625.6,21743.254,1488993815.7935,776586726.2278,499591
2026-02-25 18:00:00,68625.6,69531.3,68340.0,69293.3,23250.448,1605380714.5554,875738984.4908,493470
2026-02-25 19:00:00,69293.3,69375.1,68720.8,69005.2,12030.281,829762921.1301,405888557.9394,292806
2026-02-25 20:00:00,69005.2,69350.0,68567.9,69104.9,11219.91,773461622.7836,393080537.388,255932
2026-02-25 21:00:00,69104.9,69999.0,68720.0,68874.2,16882.927,1168970041.2012,603328036.8744,409373
2026-02-25 22:00:00,68874.2,69149.7,68014.8,68402.0,10522.275,721190191.254,343751924.8172,259892
2026-02-25 23:00:00,68402.0,68665.2,67557.0,67952.5,11573.367,787651652.071,367757197.2478,308177
2026-02-26 00:00:00,67952.5,68504.3,67690.1,68294.4,9314.348,634969947.0848,330908192.4521,313603
2026-02-26 01:00:00,68294.3,68666.0,68172.6,68213.9,5815.129,397842259.7393,202107375.6113,206847
2026-02-26 02:00:00,68213.9,68346.4,67756.8,68219.2,5909.991,401973297.1161,203131862.5473,211888
2026-02-26 03:00:00,68219.1,68350.0,68003.7,68187.5,3139.778,213987541.3964,100664074.2058,128971
2026-02-26 04:00:00,68187.4,68850.0,68150.0,68533.1,6339.379,434711934.2091,234877336.9117,191067
2026-02-26 05:00:00,68533.1,68534.3,68080.0,68408.2,5313.482,362916178.8808,184569571.5242,170891
2026-02-26 06:00:00,68408.3,68487.8,68025.5,68146.1,3448.274,235262551.3785,105571513.4382,129068
2026-02-26 07:00:00,68146.1,68269.9,67780.0,67800.0,4904.038,333478716.532,133176405.046,141019
2026-02-26 08:00:00,67800.0,68218.3,67750.0,67923.3,5660.488,384850319.05,207925572.9721,168130
2026-02-26 09:00:00,67923.4,68617.3,67900.0,68553.0,7564.554,516873563.1527,293728237.1359,179486
2026-02-26 10:00:00,68553.0,68689.7,68221.9,68271.9,5677.056,388418636.5,177946527.1355,151020
2026-02-26 11:00:00,68272.0,68371.3,67952.0,68025.2,4131.917,281556612.0461,132246245.3105,120615
2026-02-26 12:00:00,68025.2,68270.9,67968.2,68140.9,4562.323,310902320.4422,164778532.904,143981
2026-02-26 13:00:00,68140.9,68187.0,67810.2,67877.8,5085.134,345874550.5543,164222451.773,157011
2026-02-26 14:00:00,67877.8,68263.5,67235.8,67659.8,18560.813,1256401135.3032,578797129.8801,535621
2026-02-26 15:00:00,67659.8,67707.8,66730.7,67353.4,22208.114,1491706554.2312,686335096.5339,604765
2026-02-26 16:00:00,67353.3,67558.7,66462.0,66617.3,17506.162,1172023353.3593,574751352.3874,467561
2026-02-26 17:00:00,66617.3,67026.8,66567.9,66795.5,9250.342,617977124.1717,282566634.2699,306320
2026-02-26 18:00:00,66795.4,67347.4,66536.1,67268.9,10783.8,722943828.43,411880104.868,293187
2026-02-26 19:00:00,67268.8,67888.0,67246.3,67550.7,9781.421,660912502.2587,360145036.9493,262828
2026-02-26 20:00:00,67550.7,67790.1,67250.3,67386.5,5013.719,338503003.4659,156075143.5155,163016
2026-02-26 21:00:00,67386.6,67549.9,67114.0,67432.1,3217.343,216647689.5897,103982628.4552,115348
2026-02-26 22:00:00,67432.1,67592.9,67269.1,67531.4,2128.634,143578143.866,69028653.1909,71456
2026-02-26 23:00:00,67531.3,67618.1,67352.3,67448.2,2520.816,170106249.5997,81849756.0435,103869
2026-02-27 00:00:00,67448.1,67502.9,66959.0,67190.3,5416.236,363901058.063,168583433.0339,167068
2026-02-27 01:00:00,67190.3,67344.6,66841.6,67315.9,7510.213,503944075.2623,238840572.708,208278
2026-02-27 02:00:00,67315.9,67500.0,67220.0,67226.5,4414.605,297414876.7895,146460428.0803,146507
2026-02-27 03:00:00,67226.4,67670.0,67050.0,67557.4,4966.812,334476377.5054,169514391.3988,142477
2026-02-27 04:00:00,67557.4,68188.8,67533.8,67709.2,11610.448,787540115.1914,373385036.5816,252442
2026-02-27 05:00:00,67709.1,67887.9,67634.0,67685.8,3511.289,237880741.3999,122594186.8322,106705
2026-02-27 06:00:00,67685.8,67787.3,67470.0,67617.1,3421.47,231395342.3713,107474172.3842,104925
2026-02-27 07:00:00,67617.1,67733.7,67417.4,67644.1,4247.954,287001908.7696,145893224.5333,124395
2026-02-27 08:00:00,67644.1,68050.0,67618.5,67897.4,5538.297,375882789.7266,200296801.6331,166988
2026-02-27 09:00:00,67897.5,68127.8,67245.0,67318.4,8171.319,553147516.1985,237656428.4486,227009
2026-02-27 10:00:00,67318.3,67381.0,66540.4,66575.1,17347.378,1160068237.51,552898481.1234,341572
2026-02-27 11:00:00,66575.2,66762.6,65923.0,66094.1,19157.119,1269809283.7394,571409622.3147,381678
2026-02-27 12:00:00,66094.0,66198.0,65714.2,65902.4,10737.721,707723160.4589,332828581.9567,258445
2026-02-27 13:00:00,65902.5,66320.0,65626.1,66240.0,15499.709,1022891085.4983,553835022.9014,335974
2026-02-27 14:00:00,66240.0,66300.0,65656.0,65855.5,16692.908,1101481989.2851,553168299.6298,415337
2026-02-27 15:00:00,65855.4,66289.8,65804.8,66072.6,10996.948,726379091.3778,418856725.8359,330375
2026-02-27 16:00:00,66072.5,66095.2,65433.2,65449.3,13536.014,889792845.389,377194489.521,348588
2026-02-27 17:00:00,65449.3,65724.3,65080.0,65673.0,12844.531,840054044.2955,448728959.3884,387255
2026-02-27 18:00:00,65672.9,65772.4,65180.0,65284.8,6397.309,418890504.6911,206579795.0908,235444
2026-02-27 19:00:00,65284.8,65433.7,65135.3,65365.4,4953.94,323494698.4455,173418598.8115,169170
2026-02-27 20:00:00,65365.4,65638.0,65365.4,65564.2,4137.96,271199409.0336,145311722.3228,155819
2026-02-27 21:00:00,65564.3,65721.6,65366.5,65502.3,3322.086,217863217.7949,114184802.7628,109310
2026-02-27 22:00:00,65502.2,65647.2,64875.6,65609.0,7159.562,467199649.5461,213308610.3914,165763
2026-02-27 23:00:00,65609.0,65921.7,65517.6,65836.0,4365.536,287220415.6395,166916134.8698,120865
2026-02-28 00:00:00,65836.0,65990.0,65681.9,65906.3,3731.321,245757673.5923,129184392.6307,94913
2026-02-28 01:00:00,65906.3,65943.6,65701.2,65747.2,2477.01,163049816.7543,66602129.3777,70598
2026-02-28 02:00:00,65747.3,65994.7,65734.2,65926.9,1986.768,130918635.4637,67752623.6277,58586
2026-02-28 03:00:00,65927.0,65949.7,65700.9,65763.8,2469.945,162565344.6732,56192735.3141,61935
2026-02-28 04:00:00,65763.8,65786.8,65441.0,65632.0,4292.979,281691345.0947,112375866.5122,86443
2026-02-28 05:00:00,65632.1,65700.0,65462.1,65558.6,2751.317,180383591.6988,83056360.7298,67430
2026-02-28 06:00:00,65558.6,65560.0,62979.5,63173.8,43103.63,2766509810.4727,1134719103.8317,937901
2026-02-28 07:00:00,63173.8,64298.7,62981.2,63788.4,27050.351,1722992765.0474,879550483.9985,573640
2026-02-28 08:00:00,63787.4,63851.3,63356.1,63439.7,11400.498,724887112.1008,312021211.7409,285554
2026-02-28 09:00:00,63439.6,63923.6,63313.9,63621.4,7329.197,466366251.0836,239838017.6064,231359
2026-02-28 10:00:00,63621.3,64030.0,63377.5,63964.5,7531.393,480211545.9169,253147623.223,210609
2026-02-28 11:00:00,63964.5,64267.9,63736.0,63810.4,9652.625,617996687.9694,342325268.2505,226531
2026-02-28 12:00:00,63810.4,64053.3,63782.2,63980.0,4061.843,259653360.1281,129983372.736,129658
2026-02-28 13:00:00,63979.9,65190.0,63865.6,65069.5,19174.396,1238242743.6511,733758140.7688,375670
2026-02-28 14:00:00,65069.5,65335.8,64239.3,64402.4,22265.916,1442338609.255,692424581.8012,524138
2026-02-28 15:00:00,64402.5,64991.8,64175.8,64800.0,10106.884,652549046.9538,355826051.2698,273704
2026-02-28 16:00:00,64800.1,65170.5,64635.0,65053.8,5441.518,353371681.0021,191886022.8927,185404
2026-02-28 17:00:00,65053.7,65581.3,64800.0,65395.4,7093.869,461820587.5523,226042021.3575,179816
2026-02-28 18:00:00,65395.3,66165.8,65139.4,65873.0,11466.289,752480449.0066,405541008.3425,321119
2026-02-28 19:00:00,65872.9,66642.8,65557.3,66318.1,15159.578,1003162536.0978,556505815.9602,386084
2026-02-28 20:00:00,66318.1,67138.0,66150.0,66918.6,12499.792,834081166.2172,463429781.9863,355496
2026-02-28 21:00:00,66918.6,67009.9,66329.7,66684.8,10109.567,673639352.909,332141810.3828,271974
2026-02-28 22:00:00,66684.8,67735.0,66579.1,67081.4,11439.266,768707756.3691,422607896.66,338343
2026-02-28 23:00:00,67081.4,67183.3,66688.3,66937.1,5326.834,356568486.5854,159444684.2818,162858
2026-03-01 00:00:00,66937.0,67089.6,66578.3,66755.6,5453.855,364278666.1558,154892312.8078,171222
2026-03-01 01:00:00,66755.5,67686.7,65812.0,67311.6,22231.963,1485682589.0891,758258488.296,451697
2026-03-01 02:00:00,67311.7,68189.0,67305.2,67588.3,21306.568,1445351587.0869,735720738.5972,538766
2026-03-01 03:00:00,67588.3,67793.4,67351.0,67474.7,7567.478,511193166.0203,248344076.7361,218410
2026-03-01 04:00:00,67474.8,67582.2,67017.4,67313.0,7115.379,478727678.7546,223734380.0185,191562
2026-03-01 05:00:00,67313.1,67547.3,67163.5,67264.2,4624.974,311568760.988,155896753.4883,124233
2026-03-01 06:00:00,67264.2,67320.0,66757.2,66890.1,8291.891,555493898.6158,215795993.3697,210347
2026-03-01 07:00:00,66890.0,67201.2,66757.9,67113.9,4429.365,296854689.2786,172332833.9281,145182
2026-03-01 08:00:00,67114.0,67275.5,66429.8,66535.0,7870.48,526044902.8385,243742182.3787,231480
2026-03-01 09:00:00,66535.0,66745.4,66205.8,66380.1,7940.514,527755365.5784,254237111.0766,253259
2026-03-01 10:00:00,66380.1,66720.2,66160.4,66430.0,6282.75,417584224.9456,215133039.4499,171436
2026-03-01 11:00:00,66429.9,66638.0,66344.0,66439.0,3236.298,215154403.3606,124369570.0798,90600
2026-03-01 12:00:00,66439.0,66525.9,66211.6,66270.6,3458.03,229517659.6532,113917827.6619,119014
2026-03-01 13:00:00,66270.5,67333.0,66100.0,66907.1,13102.466,874833620.4118,461600209.1195,331870
2026-03-01 14:00:00,66907.2,67280.0,66702.9,66817.5,8503.088,569143605.9631,282261253.8412,331228
2026-03-01 15:00:00,66817.5,67219.1,66770.2,66810.8,6402.057,429211525.8586,220398061.5422,213984
2026-03-01 16:00:00,66810.8,67083.0,65777.0,66112.2,14881.785,987760185.0714,432233868.8772,368487
2026-03-01 17:00:00,66112.2,66200.0,65681.3,65956.8,10459.874,690074544.1739,342470499.574,303074
2026-03-01 18:00:00,65956.7,66656.0,65954.2,66288.1,8012.274,531755344.6641,283634749.2145,216026
2026-03-01 19:00:00,66288.0,66325.8,65750.0,65926.0,5738.349,378663043.6499,132077246.4968,150486
2026-03-01 20:00:00,65925.9,65932.0,65030.3,65255.7,11496.845,751571572.2762,331883262.7428,317349
2026-03-01 21:00:00,65255.7,65726.7,65242.0,65629.3,4805.846,314814230.2098,176338524.7725,158345
2026-03-01 22:00:00,65629.2,66888.0,65011.0,65241.0,16839.769,1107664024.2472,637653297.6488,343279
2026-03-01 23:00:00,65241.0,66052.6,65092.4,65750.0,9059.538,594840752.6745,346290839.9772,310027
2026-03-02 00:00:00,65749.9,66766.0,65726.0,66472.5,9209.574,610057871.3528,328712588.2585,342243
2026-03-02 01:00:00,66472.6,67082.5,66326.7,66500.0,7438.848,496041218.2727,253079502.0059,335384
2026-03-02 02:00:00,66500.0,66585.0,65842.5,66242.2,6462.206,427607332.7159,192483072.3981,242514
2026-03-02 03:00:00,66242.2,67014.9,66071.0,66787.3,6935.105,462450930.8434,254116639.9878,259575
2026-03-02 04:00:00,66787.3,66950.0,66600.1,66825.1,4900.156,327087078.3363,164022022.1392,173653
2026-03-02 05:00:00,66825.2,66966.0,66513.8,66701.2,4040.023,269644657.9777,128408786.1234,153484
2026-03-02 06:00:00,66701.2,66703.1,66015.0,66176.9,6189.233,410227247.5254,199484542.2279,227743
2026-03-02 07:00:00,66176.8,66182.9,65509.0,65981.3,8780.148,577540634.2173,259479777.8183,263013
2026-03-02 08:00:00,65981.2,66279.2,65612.4,66247.9,7684.981,506562443.4221,256732250.3156,254091
2026-03-02 09:00:00,66247.9,66707.5,66118.8,66132.3,8485.67,563165629.8166,284456052.4172,251465
2026-03-02 10:00:00,66132.3,66368.5,66039.6,66284.0,3720.637,246291473.6411,128334894.3402,137856
2026-03-02 11:00:00,66284.0,66455.7,65973.1,66329.9,5955.186,394078548.6104,194779622.7176,180667
2026-03-02 12:00:00,66329.8,66369.1,65879.6,65927.8,4353.668,287729011.1641,129491951.8599,146510
2026-03-02 13:00:00,65927.7,66111.9,65319.9,65412.3,10340.986,679204222.7436,298641936.9112,307270
2026-03-02 14:00:00,65412.3,67188.0,65234.4,67128.7,27469.276,1821077342.9965,967169803.3888,718101
2026-03-02 15:00:00,67128.6,69588.0,66911.2,69089.1,58354.38,4000693054.5786,2148965814.9412,1159625
2026-03-02 16:00:00,69089.1,70100.0,68871.6,69395.6,34435.94,2393757525.9798,1267423181.8165,721689
2026-03-02 17:00:00,69395.2,69549.2,68757.6,69170.3,14982.278,1036395117.2995,504749104.4646,362956
2026-03-02 18:00:00,69170.0,69247.1,68700.1,68853.8,9943.864,686174118.7061,340565661.7535,277167
2026-03-02 19:00:00,68853.8,69039.1,68519.8,68928.4,9926.528,682784533.974,345453448.8443,245359
2026-03-02 20:00:00,68928.4,69468.4,68529.5,69054.2,11481.181,792407377.0701,410237010.8999,332481
2026-03-02 21:00:00,69054.1,69500.0,68953.9,69366.9,4924.284,341067607.6381,187309388.1759,165688
2026-03-02 22:00:00,69366.9,69459.0,69103.0,69414.2,4427.311,306837317.0374,168161689.3119,134730
2026-03-02 23:00:00,69414.2,69453.8,68700.0,68801.8,6936.569,478520370.5729,229452948.0774,201136
2026-03-03 00:00:00,68801.8,69132.2,68600.0,69051.9,5873.573,404611555.4285,210886862.0396,191640
2026-03-03 01:00:00,69051.8,69221.6,68717.4,68724.6,4829.284,332976720.3731,183873418.9746,193899
2026-03-03 02:00:00,68724.5,68744.0,68142.1,68478.1,10001.474,684407897.3456,326050686.7597,264484
2026-03-03 03:00:00,68478.0,68516.2,68186.4,68349.3,3949.677,269971254.6954,141461603.7757,131688
2026-03-03 04:00:00,68349.4,68425.7,68018.0,68093.0,4139.493,282292348.5191,127151690.7847,130806
2026-03-03 05:00:00,68093.1,68561.9,67801.0,67911.6,9362.483,637843854.2321,314511270.7664,229458
2026-03-03 06:00:00,67911.6,68248.0,67759.6,68070.0,6540.543,444260594.4842,238845976.3576,176289
2026-03-03 07:00:00,68070.0,68264.2,67915.2,68138.3,5141.807,350224008.7,198963896.5777,157253
2026-03-03 08:00:00,68138.2,68281.6,66853.5,66972.7,18782.595,1267346988.8754,544712365.7855,381823
2026-03-03 09:00:00,66972.8,67157.0,66270.7,66614.5,19131.814,1276839963.1504,652294788.8062,402443
2026-03-03 10:00:00,66614.4,67035.6,66400.0,66826.3,10902.445,726629560.2629,411097143.8225,261805
2026-03-03 11:00:00,66826.4,67134.8,66729.0,67000.0,8766.398,586835407.386,311052049.1403,244719
2026-03-03 12:00:00,67000.0,68000.0,67000.0,67360.1,14562.66,982537116.695,510274064.7456,344907
2026-03-03 13:00:00,67360.1,67400.0,66600.5,66893.6,11113.994,744135320.4621,323569137.8702,302563
2026-03-03 14:00:00,66893.7,67559.0,66080.0,66539.9,22608.56,1510136824.161,728112503.1152,646728
2026-03-03 15:00:00,66539.9,67830.9,66424.1,67692.5,19647.813,1320545914.0886,681248757.9008,625405
2026-03-03 16:00:00,67692.5,68972.9,67440.0,68137.4,29658.399,2023081786.2887,1066880519.266,793438
2026-03-03 17:00:00,68137.4,68377.9,67582.6,68280.5,12272.207,834392627.7112,429747286.5441,415374
2026-03-03 18:00:00,68280.5,68885.0,67934.2,68589.9,9732.567,666440549.3091,346697416.9319,333859
2026-03-03 19:00:00,68590.0,68845.8,68260.0,68395.9,9839.05,674529553.3229,332379041.2233,337984
2026-03-03 20:00:00,68395.9,68557.4,68042.4,68232.9,5543.55,378529381.0556,169984214.0958,236454
2026-03-03 21:00:00,68233.3,68233.3,67778.4,67976.5,5601.34,380718955.7579,196506979.6149,155840
2026-03-03 22:00:00,67976.5,68485.5,67976.5,68275.1,3828.395,261434234.188,119980424.9534,137019
2026-03-03 23:00:00,68275.2,68821.5,68206.4,68295.3,5639.779,386348979.6355,213786384.1616,160206
2026-03-04 00:00:00,68295.2,68383.4,67826.0,68065.8,6011.63,409428893.7672,196868867.5288,209192
2026-03-04 01:00:00,68065.8,68246.1,67922.4,67988.0,3221.844,219411401.3856,100352561.712,101580
